url,phone_numbers,addresses
evavarro.com,[],[]
myflylyfe.com,[],[]
breakroom.online,[],[]
thestudyokc.com,[],[]
evavarro.com,[],[]
www.thebeorg.com,[],[]
wellstartmedical.com,[],[]
bodybybeemarie.com,[],[]
www.connectcoder.com,[],[]
midevteam.com,[],[]
fizz.studio,[],[]
luggageteleport.com,[],[]
squeezy.co,[],[]
dinoplus.ai,[],[]
luisreyes.com,[],[]
selfcare4mysis.com,[],[]
unrolled.co,[],[]
zonelockmanagedservices.com,[],[]
orderos.co,[],[]
360spinners.com,[],[]
callred.com,[],[]
globaloptiix.com,[],[]
cleta.awsapps.com,[],[]
imperfectgamers.org,[],[]
anygivennumber.com,[],[]
cannakids.org,[],[]
usmartans.com,[],[]
wearatoms.com,[],[]
solar-oversight.com,[],[]
goldentechsolutions.com,[],[]
